{
    "reusePaths": {},
    "Modules": {
        "riscv_top": {
            "nMops": 18534,
            "Compiled": "Yes",
            "start_perf": [
                2.290687084197998,
                0.80650699999999997,
                0.17882000000000001,
                332680,
                339288,
                1719395860.493716,
                2782889519817416
            ],
            "child_modules": {
                "cache": 2
            },
            "end_perf": [
                2.4497079849243164,
                0.96207699999999996,
                0.179037,
                335368,
                339288,
                2782889933322668,
                8278034512218086373,
                0
            ],
            "Compiled Times": 1,
            "nQuads": 6538,
            "nRouts": 658
        },
        "...MASTER...": {
            "nMops": 0,
            "start_perf": [
                2.1014001369476318,
                0.72129399999999999,
                0.165294,
                324920,
                339288,
                1719395860.3044291,
                2782889027786046
            ],
            "child_modules": {
                "std": 1,
                "rocketTestHarness": 1
            },
            "end_perf": [
                2.1414752006530762,
                0.72436699999999998,
                0.171011,
                328968,
                339288,
                2782889132030038,
                0,
                0
            ],
            "nQuads": 0,
            "nRouts": 5
        },
        "std": {
            "nMops": 528,
            "num_classes": 6,
            "start_perf": [
                2.1416811943054199,
                0.72453500000000004,
                0.17105100000000001,
                328968,
                339288,
                1719395860.3447101,
                2782889132504148
            ],
            "Compiled": "Yes",
            "child_modules": {},
            "Compiled Times": 1,
            "end_perf": [
                2.1989719867706299,
                0.74357499999999999,
                0.17777799999999999,
                330704,
                339288,
                2782889281446906,
                0,
                0
            ],
            "significant_routs": [
                [
                    9,
                    "F_VCSgd_reYIK_9_0",
                    25427942,
                    181,
                    16
                ],
                [
                    24,
                    "F_VCSgd_reYIK_24_0",
                    25897534,
                    992,
                    90
                ]
            ],
            "svclass": [
                "$vcs_nba_dyn_obj",
                576,
                35,
                2,
                2,
                0,
                0,
                "sigprop$$",
                576,
                35,
                2,
                2,
                0,
                0,
                "process",
                2388,
                200,
                8,
                8,
                0,
                0,
                "event",
                597,
                34,
                2,
                2,
                0,
                0,
                "mailbox",
                1769,
                140,
                9,
                9,
                0,
                0,
                "semaphore",
                1119,
                84,
                5,
                5,
                0,
                0
            ],
            "nQuads": 218,
            "nRouts": 35
        },
        "cache": {
            "nMops": 4263,
            "start_perf": [
                2.1990799903869629,
                0.74366399999999999,
                0.17780000000000001,
                330704,
                339288,
                1719395860.4021089,
                2782889281692506
            ],
            "Compiled": "Yes",
            "child_modules": {
                "sram22_256x32m4w8": 4
            },
            "Compiled Times": 1,
            "end_perf": [
                2.2906310558319092,
                0.80645999999999995,
                0.178809,
                332680,
                339288,
                2782889519719424,
                -4620577277592512196,
                0
            ],
            "nQuads": 1747,
            "significant_routs": [
                [
                    47,
                    "R_VCSgd_IPJ57_2f",
                    31028696,
                    10382,
                    977
                ],
                [
                    99,
                    "R_VCSgd_IPJ57_63",
                    43902036,
                    941,
                    113
                ]
            ],
            "nRouts": 160
        },
        "rocketTestHarness": {
            "nMops": 3840,
            "Compiled": "Yes",
            "start_perf": [
                2.44976806640625,
                0.96213199999999999,
                0.17904700000000001,
                335368,
                339288,
                1719395860.652797,
                2782889933423864
            ],
            "child_modules": {
                "riscv_top": 1
            },
            "end_perf": [
                2.4973821640014648,
                1.0082770000000001,
                0.18001800000000001,
                335368,
                339288,
                2782890057246524,
                -93518138598166183,
                0
            ],
            "Compiled Times": 1,
            "nQuads": 1706,
            "nRouts": 214
        },
        "sram22_256x32m4w8": {
            "nMops": 546,
            "Compiled": "Yes",
            "start_perf": [
                2.4974319934844971,
                1.0083200000000001,
                0.18002599999999999,
                335368,
                339288,
                1719395860.7004609,
                2782890057346424
            ],
            "child_modules": {},
            "end_perf": [
                2.5051300525665283,
                1.0158210000000001,
                0.18013699999999999,
                335368,
                339288,
                2782890077386388,
                -2928114928995365498,
                0
            ],
            "Compiled Times": 1,
            "nQuads": 212,
            "nRouts": 27
        }
    },
    "CompUnits": {
        "amcQw_d": {
            "mod": "...MASTER...",
            "checksum": 0,
            "out": "objs/amcQw_d.o",
            "mode": 4,
            "bytes": 7872,
            "text": 434
        },
        "reYIK_d": {
            "mod": "std",
            "checksum": 0,
            "out": "reYIK_d.o",
            "archive": "archive.0/_1063829_archive_1.a",
            "mode": 4,
            "bytes": 39384,
            "text": 7333,
            "cls": 7025
        },
        "H8tis_d": {
            "mod": "rocketTestHarness",
            "checksum": 0,
            "out": "H8tis_d.o",
            "archive": "archive.0/_1063829_archive_1.a",
            "mode": 4,
            "bytes": 92610,
            "text": 36556
        },
        "IPJ57_d": {
            "mod": "cache",
            "checksum": 0,
            "out": "IPJ57_d.o",
            "archive": "archive.0/_1063829_archive_1.a",
            "mode": 4,
            "bytes": 66446,
            "text": 37174
        },
        "ZnHIc_d": {
            "mod": "sram22_256x32m4w8",
            "checksum": 0,
            "out": "ZnHIc_d.o",
            "archive": "archive.0/_1063829_archive_1.a",
            "mode": 4,
            "bytes": 14752,
            "text": 5120
        },
        "DKG4c_d": {
            "mod": "riscv_top",
            "checksum": 0,
            "out": "DKG4c_d.o",
            "archive": "archive.0/_1063829_archive_1.a",
            "mode": 4,
            "bytes": 242680,